IDCONDICION,NOMBRE,TELEFONO,EMAIL,ENVIAWA
13,Dud Moquin,+351 378 224 7408,dmoquin0@unc.edu,0
1,Rog Defrain,+86 127 101 0411,rdefrain1@networkadvertising.org,0
12,Pearline Goodhall,+7 869 575 8324,pgoodhall2@answers.com,1
13,Flemming Mayho,+62 284 401 6610,fmayho3@pinterest.com,0
2,Brocky Tow,+62 800 839 9078,btow4@bandcamp.com,0
3,Ode Blanchette,+33 733 412 0044,oblanchette5@twitter.com,0
14,Bat Franzini,+972 575 295 9091,bfranzini6@behance.net,0
12,Maisey Chattock,+212 263 590 5607,mchattock7@people.com.cn,0
10,Rosene Goane,+256 404 841 9101,rgoane8@hexun.com,0
14,Diahann Knocker,+86 945 489 6608,dknocker9@cnet.com,0
3,Charmine Ganiclef,+33 183 156 8266,cganiclefa@wikia.com,1
11,Katy Prantl,+47 478 854 7722,kprantlb@discovery.com,1
15,Jay Frome,+420 555 767 5196,jfromec@topsy.com,0
9,Chev Pellingar,+7 587 727 5797,cpellingard@zimbio.com,0
11,Rubin Srawley,+81 906 365 1009,rsrawleye@wiley.com,1
12,Rhoda Isacoff,+1 303 646 4832,risacofff@myspace.com,1
13,Bibbye Lewerenz,+47 568 724 0673,blewerenzg@amazon.co.uk,0
3,Sholom Joy,+86 984 502 9167,sjoyh@mayoclinic.com,1
14,Inigo Nanetti,+46 645 124 2320,inanettii@unblog.fr,1
11,Virginie Luppitt,+81 396 504 7293,vluppittj@storify.com,0
14,Lydon Cogdell,+86 597 347 8577,lcogdellk@diigo.com,1
14,Larry Quinane,+381 258 263 0243,lquinanel@fema.gov,0
14,Randolph Withinshaw,+86 513 533 6139,rwithinshawm@goo.ne.jp,1
12,Jeffie Luna,+55 850 348 6210,jlunan@booking.com,0
12,Lib Tomsu,+86 375 497 1463,ltomsuo@reference.com,1
1,Inglebert Cornbell,+44 508 379 9356,icornbellp@addtoany.com,0
14,Goober Osbaldstone,+27 733 747 4935,gosbaldstoneq@themeforest.net,0
3,Keely Waldie,+86 183 621 6859,kwaldier@forbes.com,0
2,Genovera Jeacock,+1 882 455 3735,gjeacocks@blinklist.com,1
5,Elli Cicculini,+47 959 443 0742,ecicculinit@webeden.co.uk,0
4,Patin Seth,+1 571 123 2007,psethu@theguardian.com,1
4,Hugh Ducker,+86 404 260 8020,hduckerv@dot.gov,1
14,Nonah Romaynes,+31 327 326 4233,nromaynesw@usatoday.com,0
6,Chelsy Crosher,+58 861 650 5869,ccrosherx@un.org,1
12,Gaelan Afield,+86 769 907 7150,gafieldy@360.cn,1
12,Kimball Pittson,+1 512 967 5668,kpittsonz@oakley.com,0
10,Dannie Lillo,+351 741 351 2013,dlillo10@archive.org,1
10,Waverley Olyff,+55 423 877 6662,wolyff11@abc.net.au,1
6,Reg Kerss,+86 394 700 8643,rkerss12@ebay.co.uk,1
8,Kayla Gallard,+55 181 366 9210,kgallard13@sfgate.com,1
8,Cortney Fackrell,+1 562 690 6679,cfackrell14@cbsnews.com,0
2,Lacee Emes,+1 214 987 9439,lemes15@oaic.gov.au,0
5,Dalila Krop,+58 398 405 2431,dkrop16@hc360.com,1
5,Riva Vockings,+46 333 535 1976,rvockings17@livejournal.com,0
4,Legra Davenport,+380 462 660 1660,ldavenport18@ning.com,0
14,Goldia Pugsley,+62 856 821 6855,gpugsley19@wp.com,1
3,Hartley Fitzroy,+86 421 749 5212,hfitzroy1a@timesonline.co.uk,0
8,Petunia Creek,+62 356 818 9716,pcreek1b@java.com,0
13,Gleda Busst,+7 893 777 6668,gbusst1c@sciencedaily.com,1
8,Darrin Densumbe,+1 221 194 3306,ddensumbe1d@dagondesign.com,0
6,Marybeth Caulket,+52 458 728 2396,mcaulket1e@boston.com,1
13,Leontyne Kermott,+62 819 897 8252,lkermott1f@tuttocitta.it,1
9,Hi Schoenrock,+86 174 790 5938,hschoenrock1g@oaic.gov.au,0
13,Lyndsey Carnoghan,+86 497 867 0682,lcarnoghan1h@vkontakte.ru,0
15,Chrysler Lehrer,+967 311 902 6129,clehrer1i@sohu.com,1
2,Mel Bambery,+48 654 497 0889,mbambery1j@miibeian.gov.cn,0
11,Riley Dorman,+86 511 432 2135,rdorman1k@last.fm,1
10,Vivyan Roads,+236 951 494 4894,vroads1l@hao123.com,1
6,Mikol O Mullen,+62 506 622 8010,mo1m@yellowbook.com,0
4,Linc Habercham,+48 118 138 2781,lhabercham1n@scientificamerican.com,0
6,Keane Cliss,+62 352 913 4114,kcliss1o@example.com,1
11,Galvan Yanshinov,+55 799 296 9783,gyanshinov1p@chicagotribune.com,1
10,Griz Moorrud,+86 348 693 1008,gmoorrud1q@godaddy.com,1
9,Brnaby Crowden,+351 452 958 2159,bcrowden1r@dell.com,0
6,Kylie Donn,+58 779 964 3848,kdonn1s@usgs.gov,0
2,Karly Heyns,+52 493 217 3363,kheyns1t@dot.gov,1
15,Candida Kenninghan,+504 507 171 6219,ckenninghan1u@bing.com,1
12,Dex O'Brogan,+54 749 269 1103,dobrogan1v@nhs.uk,1
3,Wanda Bolley,+48 140 411 7924,wbolley1w@usnews.com,0
1,Em Robe,+86 299 915 7278,erobe1x@ted.com,1
14,Gertrudis Pesek,+62 953 494 2143,gpesek1y@typepad.com,0
3,Laverna Arndell,+262 691 811 3423,larndell1z@psu.edu,1
11,Rafe Begent,+54 559 944 6565,rbegent20@ebay.co.uk,1
6,Mead Ventris,+358 387 955 6454,mventris21@ustream.tv,1
10,Diahann Bard,+48 362 522 3088,dbard22@admin.ch,0
1,Harlie Stang-Gjertsen,+51 360 711 9397,hstanggjertsen23@aboutads.info,1
12,Winnie Andreazzi,+509 609 691 8170,wandreazzi24@ft.com,1
7,Mirabelle Vanlint,+86 708 668 0768,mvanlint25@youku.com,0
7,Nessa Spinage,+7 323 563 6721,nspinage26@loc.gov,1
7,Calida Hebble,+63 358 946 3950,chebble27@people.com.cn,1
8,Silvanus Reuter,+86 704 491 5718,sreuter28@aboutads.info,1
11,Carmella Fewkes,+86 397 740 9580,cfewkes29@hostgator.com,1
4,Antoinette Gabel,+82 337 546 7724,agabel2a@bing.com,1
5,Adolpho Sawkin,+60 835 821 8586,asawkin2b@sfgate.com,1
12,Reid Wenderoth,+375 476 585 5600,rwenderoth2c@is.gd,1
1,Carter McPartlin,+375 385 124 0587,cmcpartlin2d@facebook.com,0
11,Gelya Auletta,+82 427 391 0024,gauletta2e@apache.org,0
9,April Hadden,+963 745 970 9473,ahadden2f@mail.ru,1
9,Rufus Dureden,+86 148 810 2308,rdureden2g@dell.com,0
6,Kathe Bottoner,+385 507 641 3232,kbottoner2h@google.com,1
3,Marty Crewdson,+86 553 785 3943,mcrewdson2i@e-recht24.de,0
9,Patricio Ely,+86 172 320 8673,pely2j@spotify.com,1
5,Sheff Luna,+51 225 805 7445,sluna2k@aol.com,0
7,Garrard Sleight,+30 352 703 7828,gsleight2l@amazon.com,0
13,Gerti Nelsen,+970 461 748 6888,gnelsen2m@weibo.com,0
12,Curtis D'eathe,+963 746 487 2326,cdeathe2n@imageshack.us,0
10,Cord Jentgens,+86 816 649 3194,cjentgens2o@theguardian.com,1
3,Ailee Westall,+33 837 939 0725,awestall2p@google.pl,1
14,Margaux Snoden,+261 210 157 0358,msnoden2q@intel.com,0
11,Ulrika Kitchen,+351 159 557 8219,ukitchen2r@g.co,1
